County,FIPS,SAIDI,LOWER_SAIFI,SAIFI,UPPER_SAIFI,State,Date
Alamance,37001,0.0001,0.0004,0.0004,0.0004,North Carolina,2026-10-08
Alexander,37003,0.0005,0.0016,0.0016,0.0016,North Carolina,2026-10-08
Alleghany,37005,0.0,0.0,0.0,0.0,North Carolina,2026-10-08
Anson,37007,0.0015,0.0018,0.0018,0.0018,North Carolina,2026-10-08
Ashe,37009,0.0,0.0,0.0,0.0,North Carolina,2026-10-08
Avery,37011,0.0,0.0,0.0,0.0,North Carolina,2026-10-08
Beaufort,37013,0.0,0.0,0.0,0.0,North Carolina,2026-10-08
Bertie,37015,0.0,0.0,0.0,0.0,North Carolina,2026-10-08
Bladen,37017,0.0,0.0,0.0,0.0,North Carolina,2026-10-08
Brunswick,37019,0.0,0.0,0.0,0.0,North Carolina,2026-10-08
Buncombe,37021,0.0,0.0,0.0,0.0,North Carolina,2026-10-08
Burke,37023,0.0,0.0,0.0,0.0,North Carolina,2026-10-08
Cabarrus,37025,0.0,0.0,0.0,0.0,North Carolina,2026-10-08
Caldwell,37027,0.0,0.0,0.0,0.0,North Carolina,2026-10-08
Camden,37029,0.0,0.0,0.0,0.0,North Carolina,2026-10-08
Carteret,37031,0.0,0.0,0.0,0.0,North Carolina,2026-10-08
Caswell,37033,0.0,0.0,0.0,0.0,North Carolina,2026-10-08
Catawba,37035,0.0045,0.0028,0.0028,0.0028,North Carolina,2026-10-08
Chatham,37037,0.0007,0.0005,0.0005,0.0005,North Carolina,2026-10-08
Cherokee,37039,0.0,0.0,0.0,0.0,North Carolina,2026-10-08
Chowan,37041,0.0,0.0,0.0,0.0,North Carolina,2026-10-08
Clay,37043,0.0,0.0,0.0,0.0,North Carolina,2026-10-08
Cleveland,37045,0.0,0.0,0.0,0.0,North Carolina,2026-10-08
Columbus,37047,0.0,0.0,0.0,0.0,North Carolina,2026-10-08
Craven,37049,0.0,0.0,0.0,0.0,North Carolina,2026-10-08
Cumberland,37051,0.0001,<0.0001,<0.0001,<0.0001,North Carolina,2026-10-08
Currituck,37053,0.0,0.0,0.0,0.0,North Carolina,2026-10-08
Dare,37055,0.0,0.0,0.0,0.0,North Carolina,2026-10-08
Davidson,37057,0.0284,0.0281,0.0282,0.0283,North Carolina,2026-10-08
Davie,37059,0.0001,0.0001,0.0001,0.0001,North Carolina,2026-10-08
Duplin,37061,0.0,0.0,0.0,0.0,North Carolina,2026-10-08
Durham,37063,0.0,0.0,0.0,0.0,North Carolina,2026-10-08
Edgecombe,37065,0.0,0.0,0.0,0.0,North Carolina,2026-10-08
Forsyth,37067,0.0,0.0,0.0,0.0,North Carolina,2026-10-08
Franklin,37069,0.0,0.0,0.0,0.0,North Carolina,2026-10-08
Gaston,37071,0.0,0.0,0.0,0.0,North Carolina,2026-10-08
Gates,37073,0.0,0.0,0.0,0.0,North Carolina,2026-10-08
Graham,37075,0.0,0.0,0.0,0.0,North Carolina,2026-10-08
Granville,37077,0.0,0.0,0.0,0.0,North Carolina,2026-10-08
Greene,37079,0.0,0.0,0.0,0.0,North Carolina,2026-10-08
Guilford,37081,0.0,0.0,0.0,0.0,North Carolina,2026-10-08
Halifax,37083,0.0,0.0,0.0,0.0,North Carolina,2026-10-08
Harnett,37085,0.0,0.0,0.0,0.0,North Carolina,2026-10-08
Haywood,37087,0.0,0.0,0.0,0.0,North Carolina,2026-10-08
Henderson,37089,0.0,0.0,0.0,0.0,North Carolina,2026-10-08
Hertford,37091,0.0,0.0,0.0,0.0,North Carolina,2026-10-08
Hoke,37093,0.0,0.0,0.0,0.0,North Carolina,2026-10-08
Hyde,37095,0.0,0.0,0.0,0.0,North Carolina,2026-10-08
Iredell,37097,0.0169,0.033,0.033,0.033,North Carolina,2026-10-08
Jackson,37099,0.0,0.0,0.0,0.0,North Carolina,2026-10-08
Johnston,37101,0.0001,0.0004,0.0004,0.0004,North Carolina,2026-10-08
Jones,37103,0.0,0.0,0.0,0.0,North Carolina,2026-10-08
Lee,37105,0.0,0.0,0.0,0.0,North Carolina,2026-10-08
Lenoir,37107,0.0,0.0,0.0,0.0,North Carolina,2026-10-08
Lincoln,37109,0.0,0.0,0.0,0.0,North Carolina,2026-10-08
Macon,37113,0.0,0.0,0.0,0.0,North Carolina,2026-10-08
Madison,37115,0.0,0.0,0.0,0.0,North Carolina,2026-10-08
Martin,37117,0.0,0.0,0.0,0.0,North Carolina,2026-10-08
Mcdowell,37111,0.0,0.0,0.0,0.0,North Carolina,2026-10-08
Mecklenburg,37119,0.0021,0.003,0.003,0.003,North Carolina,2026-10-08
Mitchell,37121,0.0,0.0,0.0,0.0,North Carolina,2026-10-08
Montgomery,37123,0.0016,0.0007,0.0007,0.0007,North Carolina,2026-10-08
Moore,37125,0.0,0.0,0.0,0.0,North Carolina,2026-10-08
Nash,37127,0.0,0.0,0.0,0.0,North Carolina,2026-10-08
New Hanover,37129,0.0,0.0,0.0,0.0,North Carolina,2026-10-08
Northampton,37131,0.0,0.0,0.0,0.0,North Carolina,2026-10-08
Onslow,37133,0.0,0.0,0.0,0.0,North Carolina,2026-10-08
Orange,37135,0.0,0.0,0.0,0.0,North Carolina,2026-10-08
Pamlico,37137,0.0,0.0,0.0,0.0,North Carolina,2026-10-08
Pasquotank,37139,0.0,0.0,0.0,0.0,North Carolina,2026-10-08
Pender,37141,0.0,0.0,0.0,0.0,North Carolina,2026-10-08
Perquimans,37143,0.0028,0.0057,0.0057,0.0057,North Carolina,2026-10-08
Person,37145,0.0,0.0,0.0,0.0,North Carolina,2026-10-08
Pitt,37147,0.0,0.0,0.0,0.0,North Carolina,2026-10-08
Polk,37149,0.0,0.0,0.0,0.0,North Carolina,2026-10-08
Randolph,37151,0.0426,0.0425,0.1061,0.1698,North Carolina,2026-10-08
Richmond,37153,0.0,0.0,0.0,0.0,North Carolina,2026-10-08
Robeson,37155,0.0,0.0,0.0,0.0,North Carolina,2026-10-08
Rockingham,37157,0.0,0.0,0.0,0.0,North Carolina,2026-10-08
Rowan,37159,0.0,0.0,0.0,0.0,North Carolina,2026-10-08
Rutherford,37161,0.0,0.0,0.0,0.0,North Carolina,2026-10-08
Sampson,37163,0.0001,0.0001,0.0001,0.0001,North Carolina,2026-10-08
Scotland,37165,0.0,0.0,0.0,0.0,North Carolina,2026-10-08
Stanly,37167,0.0,0.0,0.0,0.0,North Carolina,2026-10-08
Stokes,37169,0.0031,0.0015,0.0015,0.0015,North Carolina,2026-10-08
Surry,37171,0.0,0.0,0.0,0.0,North Carolina,2026-10-08
Swain,37173,0.0,0.0,0.0,0.0,North Carolina,2026-10-08
Transylvania,37175,0.0,0.0,0.0,0.0,North Carolina,2026-10-08
Tyrrell,37177,0.0,0.0,0.0,0.0,North Carolina,2026-10-08
Union,37179,0.0003,0.0011,0.0011,0.0011,North Carolina,2026-10-08
Vance,37181,0.0,0.0,0.0,0.0,North Carolina,2026-10-08
Wake,37183,0.0,0.0,0.0,0.0,North Carolina,2026-10-08
Warren,37185,0.0,0.0,0.0,0.0,North Carolina,2026-10-08
Washington,37187,0.0,0.0,0.0,0.0,North Carolina,2026-10-08
Watauga,37189,0.0,0.0,0.0,0.0,North Carolina,2026-10-08
Wayne,37191,0.0,0.0,0.0,0.0,North Carolina,2026-10-08
Wilkes,37193,0.0009,0.0009,0.0009,0.0009,North Carolina,2026-10-08
Wilson,37195,0.0,0.0,0.0,0.0,North Carolina,2026-10-08
Yadkin,37197,0.0,0.0,0.0,0.0,North Carolina,2026-10-08
Yancey,37199,0.0,0.0,0.0,0.0,North Carolina,2026-10-08
